id,lat,lon,time,tags,url
5766601,52.4828866666667,4.67718666666667,2020-05-17 11:55:03,can+cocacola+metal+soda,https://s3.amazonaws.com/litterati-v3-bucket/2020/5/17/134369-1589718838880_IMG_9586.JPG
5757109,52.4934416666667,4.77413833333333,2020-05-16 11:48:47,can+cocacola+metal+soda,https://s3.amazonaws.com/litterati-v3-bucket/2020/5/16/134369-1589634243449_IMG_9532.JPG
5757114,52.4925833333333,4.77814666666667,2020-05-16 11:46:01,can+cocacola+metal+soda,https://s3.amazonaws.com/litterati-v3-bucket/2020/5/16/134369-1589634243905_IMG_9527.JPG
5757120,52.4911383333333,4.78498666666667,2020-05-16 11:40:50,can+cocacola+metal+soda,https://s3.amazonaws.com/litterati-v3-bucket/2020/5/16/134369-1589634244549_IMG_9520.JPG
5698123,52.494205,4.67547833333333,2020-05-08 15:19:38,can+cocacola+metal+soda,https://s3.amazonaws.com/litterati-v3-bucket/2020/5/8/134369-1588959645901_IMG_9359.JPG
5698131,52.49173,4.669855,2020-05-08 15:16:09,can+cocacola+metal+soda,https://s3.amazonaws.com/litterati-v3-bucket/2020/5/8/134369-1588959646402_IMG_9352.JPG
5698132,52.49168,4.66955,2020-05-08 15:15:53,can+cocacola+metal+soda,https://s3.amazonaws.com/litterati-v3-bucket/2020/5/8/134369-1588959646490_IMG_9351.JPG
5688356,52.4795533333333,4.6781,2020-05-07 14:25:00,can+cocacola+metal+soda,https://s3.amazonaws.com/litterati-v3-bucket/2020/5/7/134369-1588862733407_IMG_9308.JPG
5688268,52.48032,4.67723333333333,2020-05-07 14:12:17,can+cocacola+metal+soda,https://s3.amazonaws.com/litterati-v3-bucket/2020/5/7/134369-1588862736508_IMG_9276.JPG
5666589,52.4938616666667,4.76740833333333,2020-05-04 14:41:35,can+cocacola+metal+soda,https://s3.amazonaws.com/litterati-v3-bucket/2020/5/4/134369-1588620721302_IMG_9161.JPG
5666595,52.4939116666667,4.77122166666667,2020-05-04 14:39:14,can+cocacola+metal+soda,https://s3.amazonaws.com/litterati-v3-bucket/2020/5/4/134369-1588620721492_IMG_9158.JPG
5666594,52.499305,4.77387833333333,2020-05-04 14:34:30,can+cocacola+metal+soda,https://s3.amazonaws.com/litterati-v3-bucket/2020/5/4/134369-1588620721626_IMG_9156.JPG
5666602,52.5002416666667,4.77425,2020-05-04 14:32:51,can+cocacola+metal+soda,https://s3.amazonaws.com/litterati-v3-bucket/2020/5/4/134369-1588620722014_IMG_9150.JPG
5643476,52.429055,4.76733,2020-04-30 12:13:42,can+cocacola+metal+soda,https://s3.amazonaws.com/litterati-v3-bucket/2020/4/30/134369-1588262321376_IMG_8954.JPG
5635599,52.482905,4.67719666666667,2020-04-29 11:53:24,can+cocacola+metal+soda,https://s3.amazonaws.com/litterati-v3-bucket/2020/4/29/134369-1588163657449_IMG_8938.JPG
5618442,52.3691833333333,4.80539666666667,2020-04-26 12:27:06,can+cocacola+metal+notpickedduetocorona+soda,https://s3.amazonaws.com/litterati-v3-bucket/2020/4/26/134369-1587906614270_IMG_8881.JPG
5618458,52.3692033333333,4.80541666666667,2020-04-26 12:26:42,can+cocacola+metal+notpickedduetocorona+soda,https://s3.amazonaws.com/litterati-v3-bucket/2020/4/26/134369-1587906614532_IMG_8877.JPG
5618487,52.3713033333333,4.80697166666667,2020-04-26 12:19:45,can+cocacola+metal+notpickedduetocorona+soda,https://s3.amazonaws.com/litterati-v3-bucket/2020/4/26/134369-1587906615968_IMG_8855.JPG
5606168,52.501475,4.74749166666667,2020-04-25 08:47:22,can+cocacola+metal+notpickedduetocorona+soda,https://s3.amazonaws.com/litterati-v3-bucket/2020/4/25/134369-1587806889253_IMG_8811.JPG
5527162,52.4663116666667,4.80541666666667,2020-04-12 10:23:54,can+cocacola+metal+notpickedduetocorona+soda,https://s3.amazonaws.com/litterati-v3-bucket/2020/4/12/134369-1586693359318_IMG_8566.JPG
5527191,52.459695,4.81145833333333,2020-04-12 10:15:48,can+cocacola+metal+notpickedduetocorona+soda,https://s3.amazonaws.com/litterati-v3-bucket/2020/4/12/134369-1586693361486_IMG_8539.JPG
5527211,52.454545,4.82195,2020-04-12 10:07:38,can+cocacola+metal+soda,https://s3.amazonaws.com/litterati-v3-bucket/2020/4/12/134369-1586693362752_IMG_8520.JPG
5521091,52.5004416666667,4.75137166666667,2020-04-11 14:16:28,can+cocacola+metal+notpickedduetocorona+soda,https://s3.amazonaws.com/litterati-v3-bucket/2020/4/11/134369-1586615301230_IMG_8443.JPG
5495277,52.4985116666667,4.7498,2020-04-05 18:20:58,can+cocacola+metal+notpickedduetocorona+soda,https://s3.amazonaws.com/litterati-v3-bucket/2020/4/5/134369-1586114050039_IMG_8360.JPG
5480941,52.4952283333333,4.72,2020-04-01 14:17:47,can+cocacola+metal+notpickedduetocorona+soda,https://s3.amazonaws.com/litterati-v3-bucket/2020/4/1/134369-1585753406310_IMG_8297.JPG
5461995,52.4990366666667,4.75511166666667,2020-03-26 17:13:41,can+cocacola+metal+notpickedduetocorona+soda,https://s3.amazonaws.com/litterati-v3-bucket/2020/3/26/134369-1585248981008_IMG_8227.JPG
5461994,52.4988633333333,4.74565833333333,2020-03-26 17:04:01,can+cocacola+metal+notpickedduetocorona+soda,https://s3.amazonaws.com/litterati-v3-bucket/2020/3/26/134369-1585248981530_IMG_8220.JPG
5462037,52.5290333333333,4.72002166666667,2020-03-26 16:27:09,can+cocacola+metal+notpickedduetocorona+soda,https://s3.amazonaws.com/litterati-v3-bucket/2020/3/26/134369-1585248984147_IMG_8186.JPG
5431969,52.4984633333333,4.747975,2020-03-21 13:37:12,can+cocacola+metal+soda,https://s3.amazonaws.com/litterati-v3-bucket/2020/3/21/134369-1584798729420_IMG_7929.JPG
5431970,52.4984633333333,4.747975,2020-03-21 13:37:00,can+cocacola+metal+soda,https://s3.amazonaws.com/litterati-v3-bucket/2020/3/21/134369-1584798729491_IMG_7928.JPG
5431977,52.498475,4.74794166666667,2020-03-21 13:36:29,can+cocacola+metal+soda,https://s3.amazonaws.com/litterati-v3-bucket/2020/3/21/134369-1584798729739_IMG_7924.JPG
5431982,52.498475,4.74794166666667,2020-03-21 13:36:24,can+cocacola+metal+soda,https://s3.amazonaws.com/litterati-v3-bucket/2020/3/21/134369-1584798729951_IMG_7923.JPG
5431980,52.498475,4.74794166666667,2020-03-21 13:36:19,can+cocacola+metal+soda,https://s3.amazonaws.com/litterati-v3-bucket/2020/3/21/134369-1584798729877_IMG_7922.JPG
5395560,52.4641616666667,4.824925,2020-03-15 13:20:51,can+cocacola+metal+soda,https://s3.amazonaws.com/litterati-v3-bucket/2020/3/15/134369-1584286001662_IMG_7694.JPG
5390775,52.4984666666667,4.747925,2020-03-14 16:27:39,can+cocacola,https://s3.amazonaws.com/litterati-v3-bucket/2020/3/14/134369-1584210251760_IMG_7600.JPG
5390777,52.49845,4.74791333333333,2020-03-14 16:27:36,can+cocacola,https://s3.amazonaws.com/litterati-v3-bucket/2020/3/14/134369-1584210251664_IMG_7599.JPG
5390475,52.477025,4.67741333333333,2020-03-14 13:24:55,can+cocacola,https://s3.amazonaws.com/litterati-v3-bucket/2020/3/14/134369-1584205675771_IMG_7555.JPG
5390454,52.47762,4.678625,2020-03-14 13:22:53,can+cocacola+metal+soda,https://s3.amazonaws.com/litterati-v3-bucket/2020/3/14/134369-1584205674008_IMG_7537.JPG
5390450,52.4779033333333,4.679175,2020-03-14 13:21:59,can+cocacola+metal+soda,https://s3.amazonaws.com/litterati-v3-bucket/2020/3/14/134369-1584205673269_IMG_7530.JPG
5390334,52.4829033333333,4.677195,2020-03-14 13:09:03,can+cocacola+metal+soda,https://s3.amazonaws.com/litterati-v3-bucket/2020/3/14/134369-1584205663261_IMG_7446.JPG
5323423,52.4843616666667,4.80643,2020-03-05 17:05:34,can+cocacola+metal,https://s3.amazonaws.com/litterati-v3-bucket/2020/3/5/134369-1583433606111_IMG_7168.JPG
5323432,52.4697533333333,4.80527833333333,2020-03-05 16:57:58,can+cocacola+metal+soda,https://s3.amazonaws.com/litterati-v3-bucket/2020/3/5/134369-1583433606720_IMG_7159.JPG
5323449,52.4316833333333,4.82267,2020-03-05 16:34:37,bottle+cocacola+plastic+soda,https://s3.amazonaws.com/litterati-v3-bucket/2020/3/5/134369-1583433608318_IMG_7140.JPG
5323457,52.4183616666667,4.82293666666667,2020-03-05 16:16:31,can+cocacola+metal+soda,https://s3.amazonaws.com/litterati-v3-bucket/2020/3/5/134369-1583433609020_IMG_7132.JPG
5323468,52.4129116666667,4.82432166666667,2020-03-05 16:12:09,can+cocacola+metal+soda,https://s3.amazonaws.com/litterati-v3-bucket/2020/3/5/134369-1583433609848_IMG_7125.JPG
5323480,52.42718,4.819495,2020-03-05 06:55:31,can+cocacola+metal+soda,https://s3.amazonaws.com/litterati-v3-bucket/2020/3/5/134369-1583433610805_IMG_7110.JPG
5290914,52.4998333333333,4.75055833333333,2020-03-01 08:56:11,can+cocacola+metal,https://s3.amazonaws.com/litterati-v3-bucket/2020/3/1/134369-1583055275244_IMG_6971.JPG
5287195,52.48257,4.67731666666667,2020-02-29 14:03:57,can+cocacola+metal+soda,https://s3.amazonaws.com/litterati-v3-bucket/2020/2/29/134369-1582986305857_IMG_6891.JPG
5271337,52.4998633333333,4.782075,2020-02-27 10:19:40,can+cocacola+metal+soda,https://s3.amazonaws.com/litterati-v3-bucket/2020/2/27/134369-1582812672087_IMG_6869.JPG
5240140,52.474925,4.67849666666667,2020-02-22 11:26:53,can+cocacola+metal+soda,https://s3.amazonaws.com/litterati-v3-bucket/2020/2/22/134369-1582376378253_IMG_6810.JPG
5240106,52.4746366666667,4.679075,2020-02-22 11:23:47,can+cocacola+metal+soda,https://s3.amazonaws.com/litterati-v3-bucket/2020/2/22/134369-1582376384604_IMG_6779.JPG
5119316,52.4827166666667,4.67763,2020-02-01 12:53:54,can+cocacola+metal+soda,https://s3.amazonaws.com/litterati-v3-bucket/2020/2/1/134369-1580565479411_IMG_6234.JPG
5119307,52.4826966666667,4.67768333333333,2020-02-01 12:53:46,can+cocacola+metal+soda,https://s3.amazonaws.com/litterati-v3-bucket/2020/2/1/134369-1580565479508_IMG_6233.JPG
5084114,52.4314383333333,4.81281666666667,2020-01-27 12:53:12,can+ccrf+cocacola+metal+soda,https://s3.amazonaws.com/litterati-v3-bucket/2020/1/27/134369-1580129703301_IMG_6136.JPG
5047169,52.4198133333333,4.91303333333333,2020-01-23 14:14:00,can+cocacola+metal+soda,https://s3.amazonaws.com/litterati-v3-bucket/2020/1/23/134369-1579793264587_IMG_6025.JPG
5045635,52.420125,4.91243833333333,2020-01-23 14:08:14,can+cocacola+metal+soda,https://s3.amazonaws.com/litterati-v3-bucket/2020/1/23/134369-1579793255446_IMG_5981.JPG
5047210,52.4939916666667,4.773625,2020-01-23 13:29:23,can+cocacola+coke+metal,https://s3.amazonaws.com/litterati-v3-bucket/2020/1/23/134369-1579793252589_IMG_5958.JPG
5047119,52.495575,4.77593833333333,2020-01-23 13:24:36,can+cocacola+metal+soda,https://s3.amazonaws.com/litterati-v3-bucket/2020/1/23/134369-1579793251780_IMG_5952.JPG
5045649,52.49713,4.77681666666667,2020-01-23 13:16:14,can+cocacola+metal+soda,https://s3.amazonaws.com/litterati-v3-bucket/2020/1/23/134369-1579793248345_IMG_5923.JPG
5045752,52.497275,4.7779,2020-01-23 13:09:02,can+cocacola+metal+soda,https://s3.amazonaws.com/litterati-v3-bucket/2020/1/23/134369-1579793246210_IMG_5905.JPG
5047154,52.4940416666667,4.77401166666667,2020-01-23 12:41:27,can+cocacola,https://s3.amazonaws.com/litterati-v3-bucket/2020/1/23/134369-1579793231262_IMG_5754.JPG
4990487,52.446155,4.81903666666667,2020-01-17 08:13:40,can+cocacola+metal+soda,https://s3.amazonaws.com/litterati-v3-bucket/2020/1/17/134369-1579251617969_IMG_4819.JPG
4990476,52.4467583333333,4.81922,2020-01-17 07:35:46,can+cocacola+metal+soda,https://s3.amazonaws.com/litterati-v3-bucket/2020/1/17/134369-1579251617695_IMG_4815.JPG
4990475,52.44723,4.81928666666667,2020-01-17 07:34:55,can+cocacola+metal+soda,https://s3.amazonaws.com/litterati-v3-bucket/2020/1/17/134369-1579251617759_IMG_4814.JPG
4986821,52.49845,4.74801166666667,2020-01-16 15:22:50,can+cocacola+metal+soda,https://s3.amazonaws.com/litterati-v3-bucket/2020/1/16/134369-1579188442540_IMG_4789.JPG
4962643,52.4985083333333,4.74795,2020-01-12 16:29:40,aluminum+can+cocacola+soda,https://s3.amazonaws.com/litterati-v3-bucket/2020/1/12/134369-1578847179276_IMG_4591.JPG
4962609,52.4985083333333,4.74795,2020-01-12 16:29:37,can+cocacola+metal+soda,https://s3.amazonaws.com/litterati-v3-bucket/2020/1/12/134369-1578847179514_IMG_4590.JPG
4962696,52.49852,4.74795833333333,2020-01-12 16:24:21,can+cocacola+metal+soda,https://s3.amazonaws.com/litterati-v3-bucket/2020/1/12/134369-1578847183947_IMG_4534.JPG
4962570,52.49852,4.74795833333333,2020-01-12 16:24:13,can+cocacola+metal+soda,https://s3.amazonaws.com/litterati-v3-bucket/2020/1/12/134369-1578847184101_IMG_4532.JPG
4952992,52.49053,4.78798666666667,2020-01-11 12:36:50,bottle+cocacola+plastic+soda+statiegeld,https://s3.amazonaws.com/litterati-v3-bucket/2020/1/11/134369-1578747520969_IMG_4427.JPG
4953124,52.4907416666667,4.78722166666667,2020-01-11 12:34:30,can+cocacola+metal+soda,https://s3.amazonaws.com/litterati-v3-bucket/2020/1/11/134369-1578747522177_IMG_4409.JPG
4905889,52.4758916666667,4.68062833333333,2020-01-05 13:48:04,can+cocacola+metal+soda,https://s3.amazonaws.com/litterati-v3-bucket/2020/1/5/134369-ltr_1578234194.849331_A8A03B07-C46B-41A6-ACCF-F0BBBCE14DD9.JPG
4905968,52.4760866666667,4.67948666666667,2020-01-05 13:45:25,can+cocacola+metal+soda,https://s3.amazonaws.com/litterati-v3-bucket/2020/1/5/134369-ltr_1578234308.470834_ED6D8416-CAE9-4648-B716-46565C2FE2D7.JPG
4906084,52.4764216666667,4.67693,2020-01-05 13:42:19,can+cocacola+metal+soda,https://s3.amazonaws.com/litterati-v3-bucket/2020/1/5/134369-ltr_1578234223.0387979_6C22A7AC-FFBB-4718-8435-4D92A1A10471.JPG
4905685,52.4773916666667,4.678175,2020-01-05 13:35:49,can+cocacola+metal+soda,https://s3.amazonaws.com/litterati-v3-bucket/2020/1/5/134369-ltr_1578234320.940621_4697A85B-EDEE-4BF7-9350-6E0DE984CB53.JPG
4905890,52.4802133333333,4.67711666666667,2020-01-05 13:27:34,can+cocacola+metal+soda,https://s3.amazonaws.com/litterati-v3-bucket/2020/1/5/134369-ltr_1578234295.70631_2BC53EA6-3A06-4799-A75A-CDC0A1925469.JPG
4905953,52.47977,4.67794666666667,2020-01-05 13:19:04,can+cocacola+metal+soda,https://s3.amazonaws.com/litterati-v3-bucket/2020/1/5/134369-ltr_1578234325.59231_771A0803-EB03-48A6-BD9D-320C2AF0712F.JPG
4905524,52.4781133333333,4.67955333333333,2020-01-05 13:15:38,can+cocacola+metal+soda,https://s3.amazonaws.com/litterati-v3-bucket/2020/1/5/134369-ltr_1578234261.323533_99C4AEF3-A2C3-401D-813A-47DB188FEC58.JPG
4905507,52.4773633333333,4.678545,2020-01-05 13:13:55,can+cocacola+metal+soda,https://s3.amazonaws.com/litterati-v3-bucket/2020/1/5/134369-ltr_1578234203.956814_4F8490A8-352B-4841-B222-0731B0752A0E.JPG
4895614,52.4983883333333,4.74783333333333,2020-01-04 14:27:12,can+cocacola+metal+soda,https://s3.amazonaws.com/litterati-v3-bucket/2020/1/4/134369-ltr_1578149010.863772_E150FA2B-B86E-4B61-9829-ED29F2604020.JPG
4896265,52.4984083333333,4.74783833333333,2020-01-04 14:26:54,can+cocacola+metal+soda,https://s3.amazonaws.com/litterati-v3-bucket/2020/1/4/134369-ltr_1578148980.850987_5681AF0F-8177-4E4B-BCF2-E02F523B59CA.JPG
4896147,52.498455,4.74787,2020-01-04 14:26:36,can+cocacola+metal+soda,https://s3.amazonaws.com/litterati-v3-bucket/2020/1/4/134369-ltr_1578148940.117584_2D9AA9FF-491C-4B87-A30F-59C1E368BD16.JPG
4895687,52.498455,4.74787833333333,2020-01-04 14:26:22,can+cocacola+metal+soda,https://s3.amazonaws.com/litterati-v3-bucket/2020/1/4/134369-ltr_1578149001.8107538_A96AE2B8-8620-4906-B7E5-B9B6EB7B2ABF.JPG
4895585,52.4984283333333,4.74786166666667,2020-01-04 14:25:37,can+cocacola+metal+soda,https://s3.amazonaws.com/litterati-v3-bucket/2020/1/4/134369-ltr_1578149019.605308_FA07CB65-C7E6-43BE-86A8-E8AD790F0EC5.JPG
4896268,52.4984133333333,4.747855,2020-01-04 14:23:11,can+cocacola+metal+soda,https://s3.amazonaws.com/litterati-v3-bucket/2020/1/4/134369-ltr_1578149021.1519_F764186A-B7E3-4164-B984-F35368931EA9.JPG
4896024,52.4984083333333,4.74785333333333,2020-01-04 14:23:05,can+cocacola+metal+soda,https://s3.amazonaws.com/litterati-v3-bucket/2020/1/4/134369-ltr_1578148908.312443_6B46F467-20C2-40AE-8EB1-6295DD1325F5.JPG
4896031,52.4984083333333,4.74785333333333,2020-01-04 14:22:53,can+cocacola+metal+soda,https://s3.amazonaws.com/litterati-v3-bucket/2020/1/4/134369-ltr_1578148997.597705_4A7F75FC-78E9-4826-A23F-7C58B9F8F158.JPG
4895819,52.4830333333333,4.67743666666667,2020-01-04 11:15:31,can+cocacola+metal+soda,https://s3.amazonaws.com/litterati-v3-bucket/2020/1/4/134369-ltr_1578148921.209439_88D55C3C-C46C-4EF1-9FB5-A9656FFBA72F.JPG
4847826,53.21628,5.85745,2019-12-28 14:07:55,can+cocacola+metal+soda,https://s3.amazonaws.com/litterati-v3-bucket/2019/12/28/134369-ltr_1577547827.3554149_37928953-F139-4846-AF18-0A0DB4EB973E.JPG
4847830,53.2163666666667,5.85731166666667,2019-12-28 14:07:36,can+cocacola+metal+soda,https://s3.amazonaws.com/litterati-v3-bucket/2019/12/28/134369-ltr_1577547828.134301_C7E4D0FD-6967-462A-8181-2BFC375A7BBA.JPG
4847828,53.2163466666667,5.85734666666667,2019-12-28 14:06:19,can+cocacola+metal+soda,https://s3.amazonaws.com/litterati-v3-bucket/2019/12/28/134369-ltr_1577547827.926693_754CA90F-519D-4FD7-9D8B-51B379D8CCA9.JPG
4847829,53.216305,5.85742166666667,2019-12-28 14:06:08,can+cocacola+metal+soda,https://s3.amazonaws.com/litterati-v3-bucket/2019/12/28/134369-ltr_1577547827.071659_EA1E24D1-F2FC-49B7-B965-B573D2C72AFD.JPG
4824602,52.4642366666667,4.80811333333333,2019-12-25 12:22:53,can+cocacola+metal+soda,https://s3.amazonaws.com/litterati-v3-bucket/2019/12/25/134369-ltr_1577282261.3486218_F90C3E4B-377B-401E-BBD0-2D4EA35AC981.JPG
4809227,52.482895,4.67718,2019-12-21 14:31:03,can+cocacola+metal+soda,https://s3.amazonaws.com/litterati-v3-bucket/2019/12/21/134369-ltr_1576942540.325965_D333148E-BE96-43C5-AA5B-7AC65F94E503.JPG
4693898,52.4741216666667,4.77216333333333,2019-11-30 15:12:31,can+cocacola+metal+soda,https://s3.amazonaws.com/litterati-v3-bucket/2019/11/30/134369-ltr_1575129179.022917_FA8F9C09-B75F-4159-92AA-DCD1630AA892.JPG
4650699,52.4280883333333,4.7817,2019-11-23 13:14:36,can+cocacola+metal+soda,https://s3.amazonaws.com/litterati-v3-bucket/2019/11/23/134369-ltr_1574517609.489964_5CA6B3CA-3430-4B57-A660-D5A83D180A34.JPG
4593646,52.4984883333333,4.74802166666667,2019-11-10 15:22:42,can+cocacola+metal+soda,https://s3.amazonaws.com/litterati-v3-bucket/2019/11/10/134369-ltr_1573400047.713265_C6492562-A422-41E7-8FFD-B037F1E6D0A4.JPG
4593539,52.4984883333333,4.74802166666667,2019-11-10 15:22:38,can+cocacola+metal+soda,https://s3.amazonaws.com/litterati-v3-bucket/2019/11/10/134369-ltr_1573400049.501336_F74F75D9-61D7-4E45-A645-7027123DFD02.JPG
4593655,52.4984966666667,4.74802166666667,2019-11-10 15:22:22,can+cocacola+metal+soda,https://s3.amazonaws.com/litterati-v3-bucket/2019/11/10/134369-ltr_1573400056.736435_7ADFB881-A228-48E0-8EE8-673FB0EA7018.JPG
4508357,52.4829166666667,4.67719166666667,2019-10-27 10:25:30,can+ccrf+cocacola+metal+soda,https://s3.amazonaws.com/litterati-v3-bucket/2019/10/27/134369-ltr_1572178031.3543081_5705F24F-C2EC-4F22-BB17-85D29A74DEE5.JPG
4380393,52.4893716666667,4.793825,2019-10-07 16:36:07,can+ccrf+cocacola+metal+soda,https://s3.amazonaws.com/litterati-v3-bucket/2019/10/7/134369-ltr_1570465606.056107_20EA6F19-DAC3-40DE-8995-A44DA30073B3.JPG
4380225,52.4040633333333,4.83665833333333,2019-10-07 16:30:05,can+ccrf+cocacola+metal+soda,https://s3.amazonaws.com/litterati-v3-bucket/2019/10/7/134369-ltr_1570465603.494617_0226E7AD-8709-417B-91D3-608CB6A6A5D1.JPG
4378706,52.4501416666667,4.80736666666667,2019-10-07 10:49:45,bottlecap+ccrf+cocacola,https://s3.amazonaws.com/litterati-v3-bucket/2019/10/7/134369-ltr_1570442739.132743_E6A7ACB6-B714-44A3-AE66-6BCA70576981.JPG
4378698,52.3930866666667,4.83652,2019-10-07 10:49:11,can+ccrf+cocacola+metal+soda,https://s3.amazonaws.com/litterati-v3-bucket/2019/10/7/134369-ltr_1570442740.533814_B07C00B7-817E-4F1C-ABB7-3EA445B26ED1.JPG
4374816,0,0,2019-10-06 14:15:02,can+ccrf+cocacola+metal+soda,https://s3.amazonaws.com/litterati-v3-bucket/2019/10/6/134369-ltr_1570370696.849204_9DECF519-D88D-4ED0-9A39-D2D6B84886D3.JPG
4370752,52.5342416666667,4.72223333333333,2019-10-05 16:07:43,bottle+ccrf+cocacola+plastic+soda,https://s3.amazonaws.com/litterati-v3-bucket/2019/10/5/134369-ltr_1570291128.960804_E6F7634D-965A-4AF5-BE9C-EF9694ED2ED8.JPG
4370740,52.5329783333333,4.72174166666667,2019-10-05 16:05:35,can+cocacola+metal+soda,https://s3.amazonaws.com/litterati-v3-bucket/2019/10/5/134369-ltr_1570291130.987246_043932BA-9DDF-48BE-BB07-6E0493B4D488.JPG
4370728,52.5340633333333,4.722195,2019-10-05 16:04:38,can+ccrf+cocacola+metal+soda,https://s3.amazonaws.com/litterati-v3-bucket/2019/10/5/134369-ltr_1570291133.73753_8C45CE34-2DEA-49EE-821C-61DC4FC8EA11.JPG
4370686,52.5343666666667,4.72225333333333,2019-10-05 16:01:05,bottle+ccrf+cocacola+plastic+soda,https://s3.amazonaws.com/litterati-v3-bucket/2019/10/5/134369-ltr_1570291127.141804_7051DD6C-9716-4295-B745-3E2D8B1B503B.JPG
4342235,0,0,2019-09-29 13:31:36,can+ccrf+cocacola+metal+soda,https://s3.amazonaws.com/litterati-v3-bucket/2019/9/29/134369-ltr_1569763443.767426_4E9EB3AA-318A-4865-BE76-9EF39D0F2DA9.JPG
4342128,52.498495,4.74806166666667,2019-09-29 13:25:24,can+ccrf+cocacola+metal+soda,https://s3.amazonaws.com/litterati-v3-bucket/2019/9/29/134369-ltr_1569763451.142355_675C5A48-97FC-43BD-A561-F1B166A6655E.JPG
4342118,52.4984883333333,4.748025,2019-09-29 13:24:49,can+ccrf+cocacola+metal+soda,https://s3.amazonaws.com/litterati-v3-bucket/2019/9/29/134369-ltr_1569763452.694583_0655AF73-7271-4042-B61D-99642CFF7DF5.JPG
4339451,52.4998966666667,4.74487833333333,2019-09-28 16:04:04,can+cocacola+metal+soda,https://s3.amazonaws.com/litterati-v3-bucket/2019/9/28/134369-ltr_1569686515.753992_1AA0D1E1-E628-49CB-962E-40FB24F94DF8.JPG
4324280,52.4029716666667,4.84124666666667,2019-09-25 16:59:07,can+ccrf+cocacola+metal+soda,https://s3.amazonaws.com/litterati-v3-bucket/2019/9/25/134369-ltr_1569430545.2490602_E0570090-1696-47BA-81D4-FD256F81E270.JPG
4321424,52.4580883333333,4.80588,2019-09-25 08:03:33,can+ccrf+cocacola+metal+soda,https://s3.amazonaws.com/litterati-v3-bucket/2019/9/25/134369-ltr_1569398504.848575_639F21B0-3F00-4CE6-96BC-D55F578EE6E1.JPG
4321404,52.41788,4.82173333333333,2019-09-25 08:02:40,can+ccrf+cocacola+metal+soda,https://s3.amazonaws.com/litterati-v3-bucket/2019/9/25/134369-ltr_1569398504.461057_9DBAAF9A-76DF-4D66-83BC-C59781E1170C.JPG
4305762,52.4985083333333,4.74793833333333,2019-09-22 17:29:24,can+ccrf+cocacola+metal+soda,https://s3.amazonaws.com/litterati-v3-bucket/2019/9/22/134369-ltr_1569173105.6956139_49E6891D-8CF9-4994-BCA3-3C74A55CD6C7.JPG
4305754,52.4985,4.74794166666667,2019-09-22 17:29:05,can+ccrf+cocacola+metal+soda,https://s3.amazonaws.com/litterati-v3-bucket/2019/9/22/134369-ltr_1569173104.403963_9F3024EF-B91C-462A-ADFA-4AC67EE4F9BF.JPG
4196614,52.4951033333333,4.75949166666667,2019-09-20 19:00:18,can+ccrf+cocacola+metal+soda,https://s3.amazonaws.com/litterati-v3-bucket/2019/9/20/134369-ltr_1569005991.043983_864D4BA2-2127-4033-9DCF-C34FEF2C85EF.JPG
4192087,52.4281083333333,4.812505,2019-09-20 10:15:33,can+ccrf+cocacola+metal+soda,https://s3.amazonaws.com/litterati-v3-bucket/2019/9/20/134369-ltr_1568974163.129595_47E79CBF-92F8-48DD-85C0-F151D2AFF26A.JPG
4192080,52.44537,4.810005,2019-09-20 10:15:04,bottle+ccrf+cocacola+plastic+soda,https://s3.amazonaws.com/litterati-v3-bucket/2019/9/20/134369-ltr_1568974166.769211_A9663073-BA27-49A3-AE58-C7DF9C30F2FA.JPG
4192044,52.4231833333333,4.82608333333333,2019-09-20 10:11:49,bottle+ccrf+cocacola+plastic+soda,https://s3.amazonaws.com/litterati-v3-bucket/2019/9/20/134369-ltr_1568974164.554363_DAE844DB-3C25-4039-B0A2-F15DED2BE9AC.JPG
4152085,52.4939116666667,4.76863833333333,2019-09-14 09:59:04,can+ccrf+cocacola+metal+soda,https://litterati-images-prod.s3-us-west-2.amazonaws.com/2019/09/14/134369-5ffaa2e8-99fd-48db-aa36-d4c5bc479f75-a578f605-5857-3f94-b359-a3d097665ade.jpg
4147962,52.405045,4.83684166666667,2019-09-13 16:37:28,can+ccrf+cocacola+metal+soda,https://litterati-images-prod.s3-us-west-2.amazonaws.com/2019/09/13/134369-734f96ec-9c7a-4b00-9c4a-eb584699b868-9f551c98-55b9-38d5-b076-30ddc52b5cd8.jpg
4145747,52.433475,4.81304166666667,2019-09-13 10:10:10,can+ccrf+cocacola+metal+soda,https://litterati-images-prod.s3-us-west-2.amazonaws.com/2019/09/13/134369-5540724c-c998-4d13-9d87-67d1f8b51904-e02f8e7d-eb1c-3215-b78e-d8ae798840ea.jpg
4113027,52.045525,5.09492216666667,2019-09-11 07:10:05,can+ccrf+cocacola+metal+soda,https://litterati-images-prod.s3-us-west-2.amazonaws.com/2019/09/11/134369-901e0dea-e07f-4928-b7a1-bd82db3a6b68-357614fd-6344-3412-917c-3cc9a2801b43.jpg
4110561,52.1419333333333,5.00085833333333,2019-09-11 07:00:52,can+ccrf+cocacola+metal+soda,https://litterati-images-prod.s3-us-west-2.amazonaws.com/2019/09/11/134369-5b2760cc-aac7-460e-bed0-64f771bc5c25-4f081194-5d23-3ff4-a1b7-fbf606ea0fa2.jpg
4089771,52.5054366666667,4.76779166666667,2019-09-08 15:46:28,can+ccrf+cocacola+metal+soda,https://litterati-images-prod.s3-us-west-2.amazonaws.com/2019/09/08/134369-d5f0036d-5a72-42a1-8732-2d7d301e71ac-bc451049-197e-3ff9-828b-2daa004fee2f.jpg
4088886,52.498475,4.747995,2019-09-08 13:46:03,can+ccrf+cocacola+metal+soda,https://litterati-images-prod.s3-us-west-2.amazonaws.com/2019/09/08/134369-2f7d0683-7f34-4f75-89a8-e14c31eedc16-3d634185-9f56-3d52-90ec-ed3c624643c4.jpg
4088868,52.4984583333333,4.74796333333333,2019-09-08 13:45:20,can+ccrf+cocacola+metal+soda,https://litterati-images-prod.s3-us-west-2.amazonaws.com/2019/09/08/134369-83bdf60e-c60f-45e5-8054-d1952899dadb-917fb783-9590-3952-a507-460ce14b4734.jpg
4080925,52.4722416666667,4.69176333333333,2019-09-07 14:25:36,can+ccrf+cocacola+metal+soda,https://litterati-images-prod.s3-us-west-2.amazonaws.com/2019/09/07/134369-2eada5c9-2992-4ae5-8838-6774d1b0a865-0c36a9c4-4a99-333c-a3e0-1aca06871dd0.jpg
4040224,52.4984883333333,4.74796166666667,2019-09-01 16:58:03,can+ccrf+cocacola+metal+soda,https://litterati-images-prod.s3-us-west-2.amazonaws.com/2019/09/01/134369-d52fd8de-bcdf-459a-9f77-aa9fc1e75fe6-2c79d40c-895e-39aa-908c-3d031057a9a6.jpg
4040100,52.49845,4.74795833333333,2019-09-01 16:50:48,can+ccrf+cocacola+metal+soda,https://litterati-images-prod.s3-us-west-2.amazonaws.com/2019/09/01/134369-db93b28f-c7b9-4d32-b516-0e7592f12c66-f2a7b7be-7436-3596-b373-bb85e4d0652c.jpg
4040010,52.495505,4.71881333333333,2019-09-01 16:43:35,bottle+ccrf+cocacola+plastic+soda,https://litterati-images-prod.s3-us-west-2.amazonaws.com/2019/09/01/134369-cf595fba-eb7b-4368-b317-a2968feda325-2228e0a3-7a83-35a3-9d4c-9561bfcd2d28.jpg
4030384,52.4952166666667,4.74997833333333,2019-08-31 19:13:28,can+ccrf+cocacola+metal+soda,https://litterati-images-prod.s3-us-west-2.amazonaws.com/2019/08/31/134369-7833448d-f60d-4ec6-88f4-40eda7a81809-755c0ebe-3046-3b7d-a3b1-79ee19fa6208.jpg
4030361,52.4953383333333,4.75098833333333,2019-08-31 19:08:57,can+ccrf+cocacola+metal+soda,https://litterati-images-prod.s3-us-west-2.amazonaws.com/2019/08/31/134369-c42d799c-da76-41b3-9f0b-1c47c9f83327-2b81e980-2206-3b3f-bd7e-f4dbe3718374.jpg
4030195,52.4843166666667,4.74450833333333,2019-08-31 18:54:53,can+ccrf+cocacola+metal+soda,https://litterati-images-prod.s3-us-west-2.amazonaws.com/2019/08/31/134369-f9e33b62-7306-4507-830c-72aa7f89347a-9971c510-a7b4-3b86-a4dc-b2d8399b8061.jpg
4029939,52.4860883333333,4.74025833333333,2019-08-31 18:11:05,bottle+ccrf+cocacola+glass+soda,https://litterati-images-prod.s3-us-west-2.amazonaws.com/2019/08/31/134369-7c47f78b-b83a-47cf-9475-4f0472256cd1-8245dc89-badb-30b3-b587-a1ecfc3953ed.jpg
4029884,52.4818466666667,4.75661666666667,2019-08-31 17:58:56,can+ccrf+cocacola+metal+soda,https://litterati-images-prod.s3-us-west-2.amazonaws.com/2019/08/31/134369-ea334bb7-ff53-4b1f-8c3a-1c71832d4353-9f0a6375-1a6e-31e8-a2ac-2d68d549f2fb.jpg
4029880,52.4818416666667,4.75661166666667,2019-08-31 17:58:52,can+ccrf+cocacola+metal+soda,https://litterati-images-prod.s3-us-west-2.amazonaws.com/2019/08/31/134369-8ac4b159-124f-4ef6-b264-bce56bf8f3a1-750e8d9a-b4ba-3fa1-9204-a4d960420d05.jpg
4029720,52.4806466666667,4.759595,2019-08-31 17:44:36,can+ccrf+cocacola+metal+soda,https://litterati-images-prod.s3-us-west-2.amazonaws.com/2019/08/31/134369-8b7ad0d6-0dca-4cc6-8040-d536fbd71d89-59065495-c1ff-36b0-9426-9a3e919f748a.jpg
4029621,52.481995,4.75523,2019-08-31 17:28:39,bottle+ccrf+cocacola+plastic+soda,https://litterati-images-prod.s3-us-west-2.amazonaws.com/2019/08/31/134369-9c3224de-2fee-4fee-ac43-bbdc033e5a19-f52d490f-ce3e-385a-a29d-bb82e084d8f2.jpg
4005150,52.495125,4.75941333333333,2019-08-28 18:05:57,can+ccrf+cocacola+metal+soda,https://litterati-images-prod.s3-us-west-2.amazonaws.com/2019/08/28/134369-47e107a8-1902-445f-a270-d5535fcfe2fe-86b373fb-f1d0-3b54-aec5-8717a52a1de9.jpg
4005076,52.4901966666667,4.790045,2019-08-28 18:03:46,bottle+ccrf+cocacola+plastic+soda,https://litterati-images-prod.s3-us-west-2.amazonaws.com/2019/08/28/134369-c99a32f6-3050-47c7-b8d1-c4fe73e9bd4e-7f818bd4-0d98-37d4-950a-0ee422fc3b38.jpg
4005067,0,0,2019-08-28 18:03:46,can+ccrf+cocacola+metal+soda,https://litterati-images-prod.s3-us-west-2.amazonaws.com/2019/08/28/134369-48df4645-6984-4a4e-b062-a2c80dbe76b1-7f818bd4-0d98-37d4-950a-0ee422fc3b38.jpg
4001480,52.3914383333333,4.838195,2019-08-28 10:17:16,can+ccrf+cocacola+metal+soda,https://litterati-images-prod.s3-us-west-2.amazonaws.com/2019/08/28/134369-b15b82bb-4915-42d8-bed0-3c1650976d92-bdb53d9d-4e60-36bb-8386-92f852470876.jpg
4001455,52.4151916666667,4.82308833333333,2019-08-28 10:14:14,can+ccrf+cocacola+metal+soda,https://litterati-images-prod.s3-us-west-2.amazonaws.com/2019/08/28/134369-35437bed-3120-4957-aa3a-16dcb4e3d26e-a8b43241-8edc-35f2-9c55-b65099250ac8.jpg
4001445,52.42208,4.82657,2019-08-28 10:12:24,can+ccrf+cocacola+metal+soda,https://litterati-images-prod.s3-us-west-2.amazonaws.com/2019/08/28/134369-2e71d7f1-d7fd-4055-bf26-544dab59b402-42ef20c4-4095-31a2-ae39-57ee5b4587ab.jpg
4001444,52.4221583333333,4.826695,2019-08-28 10:12:21,can+ccrf+cocacola+metal+soda,https://litterati-images-prod.s3-us-west-2.amazonaws.com/2019/08/28/134369-87e07e18-4993-4e03-a427-94a683748efa-fa84c276-e190-351d-89d1-6005d904344c.jpg
4001442,52.4225666666667,4.82701333333333,2019-08-28 10:12:18,bottle+ccrf+cocacola+plastic+soda,https://litterati-images-prod.s3-us-west-2.amazonaws.com/2019/08/28/134369-43f10c72-d332-4f85-9ab8-785d8fa19a6b-1e1edf08-149f-3930-94c3-87b80ff1b328.jpg
4001439,52.42575,4.82598333333333,2019-08-28 10:12:12,can+ccrf+cocacola+metal+soda,https://litterati-images-prod.s3-us-west-2.amazonaws.com/2019/08/28/134369-5ff02c15-9f1b-48eb-b60f-ab2475f73fab-e5a957cd-2788-31e2-bc0b-7c51b372e396.jpg
4001437,52.4263166666667,4.82325833333333,2019-08-28 10:11:33,can+ccrf+cocacola+metal+soda,https://litterati-images-prod.s3-us-west-2.amazonaws.com/2019/08/28/134369-7f2d845e-12b0-446c-a376-2e4b72b773d5-a4a13a37-7275-3085-9c3d-a62c81737497.jpg
3994949,52.4203833333333,4.83099166666667,2019-08-27 10:25:03,can+ccrf+cocacola+metal+soda,https://litterati-images-prod.s3-us-west-2.amazonaws.com/2019/08/27/134369-8c8b7559-c0aa-49a1-a476-03095c926e05-ca4e60a1-6ca1-3060-bcbb-73049ea6bb0c.jpg
3994951,52.4203833333333,4.830975,2019-08-27 10:25:03,can+ccrf+cocacola+metal+soda,https://litterati-images-prod.s3-us-west-2.amazonaws.com/2019/08/27/134369-ff805d43-999d-4a1b-8d88-eb58779aee10-ca4e60a1-6ca1-3060-bcbb-73049ea6bb0c.jpg
3994858,52.4636333333333,4.805495,2019-08-27 10:18:27,bottle+ccrf+cocacola+plastic+soda,https://litterati-images-prod.s3-us-west-2.amazonaws.com/2019/08/27/134369-cbfb1bc4-393a-468f-bbea-53c608f99812-de5d4f5a-07b0-30b7-908e-09320d1a5ff1.jpg
3994690,52.5004366666667,4.75137166666667,2019-08-27 10:03:47,bottle+ccrf+cocacola+plastic+soda,https://litterati-images-prod.s3-us-west-2.amazonaws.com/2019/08/27/134369-89ce1847-72c6-45ba-a857-c3b7df69814e-66a82a7e-ca95-3674-beb7-7bcb6caa8ba7.jpg
3979376,52.462405,4.81496166666667,2019-08-24 15:04:47,can+ccrf+cocacola+metal+soda,https://litterati-images-prod.s3-us-west-2.amazonaws.com/2019/08/24/134369-bf2f7dd5-291b-4a96-8b3b-9da16320ef7d-3208da45-f911-341b-a9d9-693eb5aab1d2.jpg
3979375,52.462595,4.81485,2019-08-24 15:04:47,can+ccrf+cocacola+metal+soda,https://litterati-images-prod.s3-us-west-2.amazonaws.com/2019/08/24/134369-623744f6-382a-42ea-a47b-fc642c0b6467-3208da45-f911-341b-a9d9-693eb5aab1d2.jpg
3979354,52.462445,4.81492833333333,2019-08-24 14:59:15,can+ccrf+cocacola+metal+soda,https://litterati-images-prod.s3-us-west-2.amazonaws.com/2019/08/24/134369-e5335b76-d3fc-4cfc-bf1f-ef9723e35305-f72670db-04a5-3cc9-a294-b13f92b57dd0.jpg
3979347,52.462425,4.81498,2019-08-24 14:56:55,can+ccrf+cocacola+metal+soda,https://litterati-images-prod.s3-us-west-2.amazonaws.com/2019/08/24/134369-0e362819-ee8b-4da7-a878-f895f0ae81e8-bb2fb070-3947-3d34-8995-49e680230570.jpg
3979339,52.4625033333333,4.81503666666667,2019-08-24 14:55:33,can+ccrf+cocacola+metal+soda,https://litterati-images-prod.s3-us-west-2.amazonaws.com/2019/08/24/134369-a8674506-fff7-467a-9162-0b88f6ca530a-66d23bb1-e3ed-3eee-b539-ea6a90189425.jpg
3979332,52.462495,4.81506333333333,2019-08-24 14:55:19,can+ccrf+cocacola+metal+soda,https://litterati-images-prod.s3-us-west-2.amazonaws.com/2019/08/24/134369-97d44cc9-39fe-41b0-826b-143b3a83226c-2712c06c-f2af-3c12-8c39-902e0f5eae6c.jpg
3979314,52.4625966666667,4.81505,2019-08-24 14:51:59,can+ccrf+cocacola+metal+soda,https://litterati-images-prod.s3-us-west-2.amazonaws.com/2019/08/24/134369-d8b1d204-8541-4e74-8eee-179c8e01dfda-b30f7300-7405-326b-b43a-46f460a505b6.jpg
3979289,52.4612716666667,4.81818,2019-08-24 14:47:21,can+ccrf+cocacola+metal+soda,https://litterati-images-prod.s3-us-west-2.amazonaws.com/2019/08/24/134369-3cb43376-6b43-43e2-8875-9090bf37f45c-e55188db-91fd-3b91-aee1-dbe75528971d.jpg
3979281,52.46348,4.82588833333333,2019-08-24 14:44:58,can+ccrf+cocacola+metal+soda,https://litterati-images-prod.s3-us-west-2.amazonaws.com/2019/08/24/134369-787d59c0-7dcb-49c3-96ae-ddc5a60034c1-0cc5a638-42e8-325f-b197-498e3f2b0ac8.jpg
3979272,52.4682383333333,4.83104666666667,2019-08-24 14:43:17,can+ccrf+cocacola+metal+soda,https://litterati-images-prod.s3-us-west-2.amazonaws.com/2019/08/24/134369-23d66cdc-8000-4821-b0e8-3574aedc0e95-f3160b6f-84e2-3712-9bde-b3d259f4ee20.jpg
3979273,52.4634783333333,4.82589166666667,2019-08-24 14:43:17,can+ccrf+cocacola+metal+soda,https://litterati-images-prod.s3-us-west-2.amazonaws.com/2019/08/24/134369-b48a12ca-0e53-42d0-ae21-b871fba7e8f9-f3160b6f-84e2-3712-9bde-b3d259f4ee20.jpg
3979246,52.49147,4.80228833333333,2019-08-24 14:39:38,can+ccrf+cocacola+metal+soda,https://litterati-images-prod.s3-us-west-2.amazonaws.com/2019/08/24/134369-e8b24065-d06e-400c-8bb8-a80afcd7e7d6-ac51340e-1ff3-33e3-adcf-3eacdd1b83ff.jpg
3979241,52.4916533333333,4.80231166666667,2019-08-24 14:37:58,can+ccrf+cocacola+metal+soda,https://litterati-images-prod.s3-us-west-2.amazonaws.com/2019/08/24/134369-5cfbb75b-d9be-43d8-8c6d-f870220c270b-bc573489-94e2-3531-b3f5-efc23e8e7fe6.jpg
3979237,52.4917916666667,4.80233,2019-08-24 14:37:55,can+ccrf+cocacola+metal+soda,https://litterati-images-prod.s3-us-west-2.amazonaws.com/2019/08/24/134369-c62ad1be-9e54-4bfd-bac1-b2e2231e2fd7-8f6276f0-e48b-3ddd-94dc-ad223050028c.jpg
3964089,52.3908283333333,4.83388333333333,2019-08-22 06:57:07,can+ccrf+cocacola+metal+soda,https://litterati-images-prod.s3-us-west-2.amazonaws.com/2019/08/22/134369-4586c3ed-9881-426a-b8e5-fea35fad41aa-c69c940f-98e8-30be-8a5f-5b3982cce2fc.jpg
3964085,52.3914416666667,4.83171166666667,2019-08-22 06:56:37,can+ccrf+cocacola+metal+soda,https://litterati-images-prod.s3-us-west-2.amazonaws.com/2019/08/22/134369-d99839d9-ad47-4529-b67a-a278b93d9671-9a1446b7-68e6-3e49-919e-77ab4da54116.jpg
3964064,52.3914383333333,4.82623333333333,2019-08-22 06:52:10,can+ccrf+cocacola+metal+soda,https://litterati-images-prod.s3-us-west-2.amazonaws.com/2019/08/22/134369-c6b31e63-cd87-4c65-82dc-17e3a220e565-6f2ea339-14aa-38d7-995c-c05e5f41d9e7.jpg
3964065,52.391455,4.82547166666667,2019-08-22 06:52:10,can+ccrf+cocacola+metal+soda,https://litterati-images-prod.s3-us-west-2.amazonaws.com/2019/08/22/134369-e6eb89e4-1a5e-44ea-a13d-e4f8b81bb5fb-6f2ea339-14aa-38d7-995c-c05e5f41d9e7.jpg
3957579,52.4929466666667,4.776375,2019-08-20 18:04:05,can+ccrf+cocacola+metal+soda,https://litterati-images-prod.s3-us-west-2.amazonaws.com/2019/08/20/134369-0c4334c8-d92c-48c0-bdd5-91760edfa95f-719dbcf9-b65d-348d-9ec5-62844af98f5f.jpg
3957465,52.39875,4.83999666666667,2019-08-20 17:52:19,can+ccrf+cocacola+metal+soda,https://litterati-images-prod.s3-us-west-2.amazonaws.com/2019/08/20/134369-a4d8793d-f7cd-4304-a499-7070a9fb4c66-a7dee94c-3520-3a2d-bd33-788f9d93087f.jpg
3946612,52.4984583333333,4.74792166666667,2019-08-18 13:26:48,can+ccrf+cocacola+metal+soda,https://litterati-images-prod.s3-us-west-2.amazonaws.com/2019/08/18/134369-2fbeffa6-535d-4e44-88cb-8791e4165579-b08db9d6-e348-3ae8-8554-0adb37e43d14.jpg
3946409,52.4817383333333,4.67491166666667,2019-08-18 13:10:19,can+ccrf+cocacola+metal+soda,https://litterati-images-prod.s3-us-west-2.amazonaws.com/2019/08/18/134369-edcd8dfa-3710-4be4-8ec5-01e2a281faa2-68356014-8def-33f1-a6a8-22a66c591d14.jpg
3946275,52.48047,4.67678333333333,2019-08-18 12:59:01,can+ccrf+cocacola+metal+soda,https://litterati-images-prod.s3-us-west-2.amazonaws.com/2019/08/18/134369-e6f3410a-ddbc-46ab-b15c-6273d1aaae74-650be3cf-f35f-3c4a-8026-408aef97db94.jpg
3946223,52.4796716666667,4.67803,2019-08-18 12:55:34,can+ccrf+cocacola+metal+soda,https://litterati-images-prod.s3-us-west-2.amazonaws.com/2019/08/18/134369-becc1b88-6254-427b-a68a-3a94632485cb-e89a571d-a29a-3b81-89c6-5cdbe8cff6fd.jpg
3946154,52.4781116666667,4.679395,2019-08-18 12:47:55,can+ccrf+cocacola+metal+soda,https://litterati-images-prod.s3-us-west-2.amazonaws.com/2019/08/18/134369-0c09ab60-ea46-4530-8e53-c645b3e0268d-0a55da5b-1a53-34b5-87a7-a58f3998d90d.jpg
3938162,52.498445,4.74795833333333,2019-08-17 13:09:59,can+ccrf+cocacola+metal+soda,https://litterati-images-prod.s3-us-west-2.amazonaws.com/2019/08/17/134369-12a91ec5-78b5-4342-aa45-ad71d71586f4-6222736c-263b-3ada-a5dc-c172a434235a.jpg
3938156,52.4984583333333,4.74793833333333,2019-08-17 13:08:40,can+ccrf+cocacola+metal+soda,https://litterati-images-prod.s3-us-west-2.amazonaws.com/2019/08/17/134369-0298093b-660a-4363-b340-0d2996928492-8682307d-e7e8-363a-8ecf-44dd49d8c344.jpg
3933471,52.49857,4.747975,2019-08-16 18:35:00,can+ccrf+cocacola+metal+soda,https://litterati-images-prod.s3-us-west-2.amazonaws.com/2019/08/16/134369-57d42ec0-2091-4b30-86de-4c6544b4d6a5-d0cd70ed-f170-3455-a474-81fee66167c8.jpg
3920614,52.391595,4.83317,2019-08-15 06:32:48,can+ccrf+cocacola+metal+soda,https://litterati-images-prod.s3-us-west-2.amazonaws.com/2019/08/15/134369-efc914c3-8346-4046-a2d8-96805a2213f9-d0fffcd4-34c3-33cf-9609-98014ac46d14.jpg
3918241,52.4986033333333,4.747925,2019-08-14 18:21:19,can+ccrf+cocacola+metal+soda,https://litterati-images-prod.s3-us-west-2.amazonaws.com/2019/08/14/134369-5bb757dd-73c2-4961-93f1-93335bacb00c-e3053bfc-83d9-3a55-9c5f-a5a9b90daef9.jpg
3918204,52.44532,4.81008333333333,2019-08-14 18:20:52,can+ccrf+cocacola+metal+soda,https://litterati-images-prod.s3-us-west-2.amazonaws.com/2019/08/14/134369-11a723be-fce0-4bad-8502-431891ff02ec-8c9ed7ab-5644-30d9-b4e2-585fe8374029.jpg
3918060,52.3982,4.83943,2019-08-14 18:14:55,can+ccrf+cocacola+metal+soda,https://litterati-images-prod.s3-us-west-2.amazonaws.com/2019/08/14/134369-d057d531-4c2f-4961-a334-0b075c95b0fa-a1079164-943f-3bf6-9ba2-5dfaf867d27f.jpg
3911530,52.3913033333333,4.8387,2019-08-14 07:15:14,can+ccrf+cocacola+metal+soda,https://litterati-images-prod.s3-us-west-2.amazonaws.com/2019/08/14/134369-482f0272-1a2b-449e-afa6-2490bfa74e85-5f6a6500-a20b-33e8-95f1-4326d07da2bd.jpg
3911523,52.3943133333333,4.83647166666667,2019-08-14 07:14:31,can+ccrf+cocacola+metal+soda,https://litterati-images-prod.s3-us-west-2.amazonaws.com/2019/08/14/134369-360483a4-1d37-4b30-83c1-72b1093ea812-f297ebed-2d2b-364c-b63a-3162a5f9e937.jpg
3911495,52.4687416666667,4.80541166666667,2019-08-14 07:11:30,can+ccrf+cocacola+metal+soda,https://litterati-images-prod.s3-us-west-2.amazonaws.com/2019/08/14/134369-59af6bab-74e7-46b1-aa6d-b7d114fa20d5-4e76413c-c075-3456-9074-f3bad10b91e9.jpg
3911476,52.487975,4.79734666666667,2019-08-14 07:07:17,can+ccrf+cocacola+metal+soda,https://litterati-images-prod.s3-us-west-2.amazonaws.com/2019/08/14/134369-1963937b-ca7b-4255-b8aa-9b65f6e4a6f3-0b9d4ca0-d48e-3645-860c-cb3023d6b714.jpg
3891922,52.49718,4.75395333333333,2019-08-10 15:05:20,can+ccrf+cocacola+metal+soda,https://litterati-images-prod.s3-us-west-2.amazonaws.com/2019/08/10/134369-be72c820-0157-4724-b70d-04e28dd5b140-5a4e03e8-5dc9-34f7-bd3a-7ef09397c692.jpg
3891862,52.4963866666667,4.75347833333333,2019-08-10 14:53:17,can+ccrf+cocacola+metal+soda,https://litterati-images-prod.s3-us-west-2.amazonaws.com/2019/08/10/134369-a3b94312-330b-43c5-a480-a8d98417c9ab-90e566b8-c796-351b-950a-c65e53495cba.jpg
3891807,52.497525,4.75424166666667,2019-08-10 14:41:53,can+ccrf+cocacola+metal+soda,https://litterati-images-prod.s3-us-west-2.amazonaws.com/2019/08/10/134369-b6aef742-2e44-4fdc-b375-6c10fcaa7a00-2466427f-3810-3480-a3b0-856b30883a7d.jpg
3891070,52.482625,4.67739666666667,2019-08-10 10:58:40,can+ccrf+cocacola+metal+soda,https://litterati-images-prod.s3-us-west-2.amazonaws.com/2019/08/10/134369-543f9f39-42da-4e04-8fc9-0ff747fb49d5-68ba0c2b-8990-3b94-936c-36ee2a3922fb.jpg
3891039,52.48313,4.67785833333333,2019-08-10 10:54:28,can+ccrf+cocacola+metal+soda,https://litterati-images-prod.s3-us-west-2.amazonaws.com/2019/08/10/134369-ef7876a2-6f1a-4b90-a3dd-e455c8ad055e-ec64945c-8904-32d1-ac29-2f278bc0fc77.jpg
3871401,52.4228583333333,4.8262,2019-08-06 18:54:27,can+ccrf+cocacola+metal+soda,https://litterati-images-prod.s3-us-west-2.amazonaws.com/2019/08/06/134369-a5efe80b-ce8a-4b30-91c5-a9f5c264f56e-b2aeb0ab-b9e7-3299-b5e0-0b68e0ce3a5f.jpg
3871394,52.4227916666667,4.82633666666667,2019-08-06 18:53:41,can+ccrf+cocacola+metal+soda,https://litterati-images-prod.s3-us-west-2.amazonaws.com/2019/08/06/134369-f8ffee8b-6d67-42f1-a83f-726228c72fc5-c9df7708-7008-3b94-8a50-8dfd3c5e6883.jpg
3871355,52.4012133333333,4.83635,2019-08-06 18:50:25,can+ccrf+cocacola+metal+soda,https://litterati-images-prod.s3-us-west-2.amazonaws.com/2019/08/06/134369-26d50f92-a29d-49d6-932c-d4f4bdf6b9ed-ba425d3f-2dd2-3c0b-9fdd-c75abb92abbf.jpg
3863025,52.4849333333333,4.67735833333333,2019-08-04 20:38:00,can+ccrf+cocacola+metal+soda,https://litterati-images-prod.s3-us-west-2.amazonaws.com/2019/08/04/134369-7bfdae34-02da-4b80-88a4-2c91f1a2a311-cb8c88d6-120b-3039-a8fb-968309907a53.jpg
3849563,52.494075,4.76614166666667,2019-08-02 20:12:30,can+ccrf+cocacola+metal+soda,https://litterati-images-prod.s3-us-west-2.amazonaws.com/2019/08/02/134369-e9db7ae6-2b67-4b40-a0d3-bf643cdf88ca-b7865ee9-3686-344b-92aa-bffa87554653.jpg
3804813,52.5034416666667,4.77734666666667,2019-07-26 17:11:57,can+ccrf+cocacola+metal+soda,https://litterati-images-prod.s3-us-west-2.amazonaws.com/2019/07/26/134369-3a77c0c6-21e1-4da9-a1d1-968317827548-7205b71e-8d77-3fd3-b449-9caaa2d813b2.jpg
3804810,52.5034533333333,4.777355,2019-07-26 17:11:13,can+ccrf+cocacola+metal+soda,https://litterati-images-prod.s3-us-west-2.amazonaws.com/2019/07/26/134369-b0a15384-8692-47c6-80d5-94e7d70436ed-ea6670b2-c0df-3b1a-97ad-0a6a1e19e4bf.jpg
3804809,52.5035216666667,4.77743833333333,2019-07-26 17:11:04,can+ccrf+cocacola+metal+soda,https://litterati-images-prod.s3-us-west-2.amazonaws.com/2019/07/26/134369-95907297-b96a-471a-99d1-d14a7d54907d-675ec447-7a73-3a04-8e2a-905cabbc0772.jpg
3804799,52.504005,4.77790333333333,2019-07-26 17:08:56,can+cocacola+metal+soda,https://litterati-images-prod.s3-us-west-2.amazonaws.com/2019/07/26/134369-9979ec42-1ba8-4bd4-9d22-1647c9f7b986-5be81583-0bb7-3ba7-b778-07f6e6bd19c1.jpg
3804762,52.4987416666667,4.77694166666667,2019-07-26 16:59:59,can+ccrf+cocacola+metal+soda,https://litterati-images-prod.s3-us-west-2.amazonaws.com/2019/07/26/134369-d73f01a4-d7dc-4aa5-8766-b5e7277741a4-5b0bf2bf-bc98-3262-9593-03f8a454a651.jpg
3804755,52.4991,4.77700833333333,2019-07-26 16:59:08,can+cocacola+metal+soda,https://litterati-images-prod.s3-us-west-2.amazonaws.com/2019/07/26/134369-5dbe0a74-00ef-458e-bfbe-eecf8b69e0bf-c57a0d40-b50c-3633-8c8a-ff2abd91eb94.jpg
3804744,52.5017583333333,4.77688,2019-07-26 16:56:34,can+cocacola+metal+soda,https://litterati-images-prod.s3-us-west-2.amazonaws.com/2019/07/26/134369-e10c0f41-0a7d-4009-b6ba-585bac94bedc-16c5049e-8db8-35c3-8f1d-123ed008f95a.jpg
3799187,52.4908533333333,4.78685333333333,2019-07-25 15:57:28,can+ccrf+cocacola+metal+soda,https://litterati-images-prod.s3-us-west-2.amazonaws.com/2019/07/25/134369-ce84e464-5c69-49ed-91fa-78fdce37c75d-0bd645c6-68c3-3769-978e-baad30a1617b.jpg
3799184,52.4910883333333,4.78627166666667,2019-07-25 15:56:59,can+cocacola+metal+soda,https://litterati-images-prod.s3-us-west-2.amazonaws.com/2019/07/25/134369-e790e15c-f984-461a-b34b-21299b3252a2-427cbb6e-d3ae-38fc-ad9f-a037b4226354.jpg
3799180,52.4910883333333,4.78627166666667,2019-07-25 15:56:18,can+cocacola+metal+soda,https://litterati-images-prod.s3-us-west-2.amazonaws.com/2019/07/25/134369-67e9420d-2c3f-4676-89fc-63c30623abae-9a47b27c-f768-39e3-810a-8b0aac5e4aa0.jpg
3799146,52.4926083333333,4.77900333333333,2019-07-25 15:46:02,can+cocacola+metal+soda,https://litterati-images-prod.s3-us-west-2.amazonaws.com/2019/07/25/134369-a357e3d4-3bb2-4731-8e3d-85abafbebf98-55adede5-ccea-31ca-ac55-910d32bd9fd5.jpg
3799119,52.4952466666667,4.777005,2019-07-25 15:41:27,can+ccrf+cocacola+metal+soda,https://litterati-images-prod.s3-us-west-2.amazonaws.com/2019/07/25/134369-1aaa9ea8-d66c-4b65-93b0-2ec7ff585b88-1e85a8b1-a5e1-324f-9907-04213a3a6cd4.jpg
3799096,52.49203,4.781075,2019-07-25 15:38:20,can+cocacola+metal+soda,https://litterati-images-prod.s3-us-west-2.amazonaws.com/2019/07/25/134369-b8f4d6e4-ee3b-4f56-8981-19c43b8e9c83-1d2ea921-55c9-33b4-bd43-b937ddbd2152.jpg
3799088,52.4921716666667,4.780645,2019-07-25 15:36:58,can+cocacola+metal+soda,https://litterati-images-prod.s3-us-west-2.amazonaws.com/2019/07/25/134369-a1522bfc-81db-4355-88af-6027b7939894-d178fb18-0d45-35f1-bad3-cef8aea05eb6.jpg
3799078,52.4839633333333,4.74921166666667,2019-07-25 15:34:59,can+ccrf+cocacola+metal+soda,https://litterati-images-prod.s3-us-west-2.amazonaws.com/2019/07/25/134369-e5653bff-9309-48f6-b5aa-b7ed3596fbc3-934dd496-b5b1-31cc-aca4-105f2df1b704.jpg
3799077,52.4839633333333,4.74921166666667,2019-07-25 15:34:56,can+cocacola+metal+soda,https://litterati-images-prod.s3-us-west-2.amazonaws.com/2019/07/25/134369-a48598d4-b3f7-43fb-bdb8-1f5a95698bd7-399ce1b0-a617-3518-ad6b-afc036122326.jpg
3799072,52.4846616666667,4.746975,2019-07-25 15:34:31,can+cocacola+metal+soda,https://litterati-images-prod.s3-us-west-2.amazonaws.com/2019/07/25/134369-46918cae-a3a3-4345-8e8d-0a7968a23985-1ec5f7b3-07b0-342f-abd2-765b0f92bf35.jpg
3799068,52.484745,4.74654166666667,2019-07-25 15:34:10,bottle+cocacola+plastic+soda,https://litterati-images-prod.s3-us-west-2.amazonaws.com/2019/07/25/134369-987fc1a0-d6c5-44e2-bd87-872f35926245-da1cd744-4033-393e-8c38-3e07c6d12c1a.jpg
3799065,52.484895,4.74618333333333,2019-07-25 15:33:49,can+cocacola+metal+soda,https://litterati-images-prod.s3-us-west-2.amazonaws.com/2019/07/25/134369-072f58aa-30bb-40ce-ab87-7ea86c2ab832-038a0950-4484-361f-9983-84fe683b7709.jpg
3799064,52.4848966666667,4.74621333333333,2019-07-25 15:33:46,bottle+cocacola+plastic+soda,https://litterati-images-prod.s3-us-west-2.amazonaws.com/2019/07/25/134369-4cb6a931-31d4-48db-852c-08cb4524e107-0cca185f-99b3-3d3f-b303-b0f7660c7676.jpg
3799044,52.4912647298095,4.78418296203463,2019-07-25 13:33:22,can+cocacola+metal+soda,https://litterati-images-prod.s3-us-west-2.amazonaws.com/2019/07/25/134369-85d52752-d097-434d-b5d0-733b8e1c5f88-2c95508b-82fa-3c34-b6b4-16269979099c.jpg
3793148,52.4053599872183,4.83597214334163,2019-07-24 15:11:26,can+ccrf+cocacola+metal+soda,https://litterati-images-prod.s3-us-west-2.amazonaws.com/2019/07/24/134369-61ce5bdf-9500-4a83-9685-3458562d76b8-71936e49-a0e9-37dc-8337-16ae286cc03a.jpg
3793143,52.4017261807363,4.84237357043181,2019-07-24 15:06:25,can+cocacola+metal+soda,https://litterati-images-prod.s3-us-west-2.amazonaws.com/2019/07/24/134369-8983cf4d-e09f-49e6-9942-8edec597d1ea-aed9f4ce-8c0c-3b66-bc72-7dd43b8784b9.jpg
3790695,52.3897001194324,4.83912725933347,2019-07-24 06:37:29,can+ccrf+cocacola+metal+soda,https://litterati-images-prod.s3-us-west-2.amazonaws.com/2019/07/24/134369-5b2fe146-e6ba-43ff-9364-aa0af053827e-1898df68-d643-324a-8667-0a663770a29d.jpg
3790693,52.3953100014966,4.83693740331087,2019-07-24 06:33:36,can+ccrf+cocacola+metal+soda,https://litterati-images-prod.s3-us-west-2.amazonaws.com/2019/07/24/134369-e7f4fc13-a632-414f-85e5-d2c7c8578c13-ccaf1fd6-fb16-3e69-a31f-535dd8d6cad9.jpg
3790688,52.4018683890361,4.83641804811668,2019-07-24 06:29:49,can+cocacola+metal+soda,https://litterati-images-prod.s3-us-west-2.amazonaws.com/2019/07/24/134369-d16471c4-4c34-4dd5-b5e6-3e570334bb1f-a25f4cfb-d8b9-358a-9da5-4d9b6c56c025.jpg
3790685,52.4079522488761,4.83077654240767,2019-07-24 06:26:40,can+cocacola+metal+soda,https://litterati-images-prod.s3-us-west-2.amazonaws.com/2019/07/24/134369-c5e383aa-8f1e-421a-aabb-994b7ccd8269-b0d76b5d-f7bc-3e7d-8a4a-82e143a18880.jpg
3790644,52.4255825439956,4.82685707509967,2019-07-24 06:00:00,can+ccrf+cocacola+metal+soda,https://litterati-images-prod.s3-us-west-2.amazonaws.com/2019/07/24/134369-7e1e7fd7-1fbb-4cfc-8d92-05e6e06c635a-5322a8f7-4468-3149-b407-780b9081f982.jpg
3790632,52.4259758228924,4.82729779556843,2019-07-24 05:57:49,can+ccrf+cocacola+metal+soda,https://litterati-images-prod.s3-us-west-2.amazonaws.com/2019/07/24/134369-a3d77571-35d7-423c-b359-497e03a66eab-c5e7d7bc-237b-3358-a544-d2f9c924cf5e.jpg
3790579,52.4902246613544,4.79028532281964,2019-07-24 05:24:12,can+cocacola+metal+soda,https://litterati-images-prod.s3-us-west-2.amazonaws.com/2019/07/24/134369-128a466f-09c6-4975-90bc-200fcaa67c93-964f9f4f-e07d-3134-9c53-8411016c12de.jpg
3786578,52.4259032775205,4.82728463598045,2019-07-23 15:35:52,can+cocacola+metal+soda,https://litterati-images-prod.s3-us-west-2.amazonaws.com/2019/07/23/134369-fe44e52e-0205-4b7f-98bb-28cd52b63acc-8d6ed25d-faef-39d1-a9ef-0a830a371344.jpg
3784878,52.4042654363926,4.83673422597799,2019-07-23 06:16:29,can+ccrf+cocacola+metal+soda,https://litterati-images-prod.s3-us-west-2.amazonaws.com/2019/07/23/134369-244eeeba-9988-4932-bfc8-878749f3cbfc-e50d3cdc-9104-3177-86f5-195950b4e691.jpg
3784848,52.4169102497887,4.82226789929422,2019-07-23 06:00:02,can+ccrf+cocacola+metal+soda,https://litterati-images-prod.s3-us-west-2.amazonaws.com/2019/07/23/134369-5e914a3f-036f-4b4f-afbc-3bc09986cce9-253877ca-cf05-329f-9ce6-902b49fcce57.jpg
3759441,52.4039304536324,4.84259552322779,2019-07-19 15:03:42,can+cocacola+metal+soda,https://litterati-images-prod.s3-us-west-2.amazonaws.com/2019/07/19/134369-84cc158f-f696-46a0-9b0d-2b50d6696d34-dfb05cea-257e-3e5b-8df4-eddb0cbb8c79.jpg
3752709,52.4938691547629,4.77087392472175,2019-07-18 16:10:04,can+cocacola+metal+soda,https://litterati-images-prod.s3-us-west-2.amazonaws.com/2019/07/18/134369-30b2bc0a-5b63-4f34-8f73-a65227594f8d-de3ee24f-87f6-35e0-89ec-3c0831194194.jpg
3752695,52.4404215720039,4.81310597621353,2019-07-18 15:37:49,bottle+cocacola+plastic+soda,https://litterati-images-prod.s3-us-west-2.amazonaws.com/2019/07/18/134369-3fdee1a7-fdea-4841-bf91-4896af93abc7-8f5c0cc4-cece-3f6e-96df-85ebcaee2059.jpg
3752687,52.4168639794416,4.82632363975107,2019-07-18 15:15:36,can+cocacola+metal+soda,https://litterati-images-prod.s3-us-west-2.amazonaws.com/2019/07/18/134369-ffcd23da-f473-4775-bdbb-e59e33652126-513627a3-bbd2-3b37-a77c-5a6a6cc5e560.jpg
3749314,52.3901218073629,4.83904199203952,2019-07-18 06:38:57,bottle+cocacola+glass+soda,https://litterati-images-prod.s3-us-west-2.amazonaws.com/2019/07/18/134369-a98cfd01-1dd5-4200-b043-4fa70b948118-ab48e1e3-e483-3ab5-b3b9-9b4dcce186e5.jpg
3749308,52.393405465458,4.8469781689391,2019-07-18 06:33:31,can+cocacola+metal+soda,https://litterati-images-prod.s3-us-west-2.amazonaws.com/2019/07/18/134369-f11ea447-e888-48be-9fd8-1802511acfce-d2bf6c3c-08db-3261-8cb5-74dbd90448d5.jpg
3739455,52.4151266885632,4.82330375492032,2019-07-17 06:26:20,can+cocacola+metal+soda,https://litterati-images-prod.s3-us-west-2.amazonaws.com/2019/07/17/134369-b9951799-89ec-46d9-a271-0814dc5dd903-98226beb-db7e-31b2-8008-549544eef700.jpg
3739453,52.4151393424094,4.82329722981573,2019-07-17 06:25:44,can+cocacola+metal+soda,https://litterati-images-prod.s3-us-west-2.amazonaws.com/2019/07/17/134369-fe267282-5756-4685-99a2-d381fe8c85e8-5d4e8a28-e559-3ef2-933b-3bc1c2c197e2.jpg
3730376,52.484483309139,4.80641311035008,2019-07-15 15:53:25,can+cocacola+metal+soda,https://litterati-images-prod.s3-us-west-2.amazonaws.com/2019/07/15/134369-d01e6ecc-ce18-48a3-86de-6f2e9d82bbc5-85dd0a10-e71a-37f0-bbb8-3748f04048a5.jpg
3730367,52.4651004933309,4.80539881624729,2019-07-15 15:44:50,can+cocacola+metal+soda,https://litterati-images-prod.s3-us-west-2.amazonaws.com/2019/07/15/134369-7e97a6a1-ce46-460f-9a20-52abd56ebf24-d444be0f-53b7-3384-b721-d97b4efdc501.jpg
3691624,52.4806704874026,4.80743314341445,2019-07-09 05:25:45,can+cocacola+metal+soda,https://litterati-images-prod.s3-us-west-2.amazonaws.com/2019/07/09/134369-4c9a488a-7edb-4891-8a60-7be044984192-3a39b867-95c0-34ac-b500-4d7a17ee1c49.jpg
3686564,52.4939124472928,4.76708119735566,2019-07-08 05:24:24,can+cocacola+metal+soda,https://litterati-images-prod.s3-us-west-2.amazonaws.com/2019/07/08/134369-ca010ac5-6b36-407b-b970-d1dfcff172ae-cc840479-554a-355d-a1d1-beecb88ada97.jpg
3677983,52.5038616666667,4.74948666666667,2019-07-07 14:47:41,can+cocacola+metal+soda,https://litterati-images-prod.s3-us-west-2.amazonaws.com/2019/07/07/134369-28c59bb1-9218-4908-b5b1-3cb59a2baf05-0db062eb-76f5-310d-8294-da744feaed8d.jpg
3677962,52.5038083333333,4.74944166666667,2019-07-07 14:44:19,can+cocacola+metal+soda,https://litterati-images-prod.s3-us-west-2.amazonaws.com/2019/07/07/134369-5cae25e1-d65c-4434-88c9-4aaf6281b726-4ff8efd1-cfef-3470-bb19-209c1ef2ace9.jpg
3677964,52.50383,4.74946166666667,2019-07-07 14:44:18,can+cocacola+metal+soda,https://litterati-images-prod.s3-us-west-2.amazonaws.com/2019/07/07/134369-91a51d54-65f5-4bc1-9e12-af23937cbff3-b55540e7-20bf-3bdb-80f6-797740c12030.jpg
3677963,52.5038,4.74943666666667,2019-07-07 14:44:18,can+cocacola+metal+soda,https://litterati-images-prod.s3-us-west-2.amazonaws.com/2019/07/07/134369-394a2eb0-ccc1-44b5-908c-356a88b6bad7-b55540e7-20bf-3bdb-80f6-797740c12030.jpg
3663761,52.4304103525844,4.82448323630246,2019-07-05 05:55:12,can+cocacola+metal+soda,https://litterati-images-prod.s3-us-west-2.amazonaws.com/2019/07/05/134369-7c48f7f6-4de9-4c59-a718-752fdddf8331-17d47e13-258f-382c-bccf-a92be4d33518.jpg
3663254,52.4989783857507,4.75508602336492,2019-07-05 05:19:48,can+cocacola+coke+metal,https://litterati-images-prod.s3-us-west-2.amazonaws.com/2019/07/05/134369-7d49d82e-fcd7-41b1-a867-4044732c5192-ec8ed31f-630d-3067-9f83-17aa60d53908.jpg
